scope,basin_id,nse,kge,rmse_mm_day,physics_error
aggregate,all,0.7837209309453035,0.8086307534396577,1.425663858441778,0.12685606478756878
basin,4009,-1.9634229115356154,0.212610495685577,0.24525692276581498,0.017811885148075118
basin,4008,-1.7358397944476338,0.23364724823573835,0.24364873072529072,0.017431325009910882
basin,2488,0.31370441203827626,0.33385467784948863,0.8659766514495562,0.05344041048190011
basin,2109,0.8824446672164082,0.920941663639462,1.2382152377926463,0.3217504109602394
basin,2011,0.6656351079918504,0.819029091536012,1.1474991825653238,0.13422116127086037
basin,2126,0.4668289632498218,0.5392084651226956,1.259436758084484,0.054769182615751914
basin,5001,0.6438989114673361,0.7632169018337284,1.6229537823894353,0.11001174728428134
basin,2247,0.755783158781457,0.6670675300788519,1.0456491747006293,0.04560793439714431
basin,4022,0.4456765731830563,0.4446606937710259,2.0611835301110033,0.13595094123448526
basin,4023,0.2975016793576245,0.35187804492895025,1.4335715832477605,0.09363976738156042
basin,5009,0.7286642780999465,0.7110064082993874,1.6026644295825492,0.09961031506605722
basin,5010,0.6248159547568819,0.5627572187202801,2.073220276759895,0.10397669133526506
basin,5016,0.7673566063167191,0.7344222356266088,3.504561040229397,0.45582277602285
