label,basin,period,training_noise,seed,inference_noise_seed,baseline_noise,inference_noise,clean_test_nse,noisy_test_nse,drift_test_nse,clean_validation_nse,noisy_validation_nse,drift_validation_nse,clean_test_kge,noisy_test_kge,drift_test_kge,clean_test_rmse_mm_day,noisy_test_rmse_mm_day,drift_test_rmse_mm_day,clean_physics_error,noisy_physics_error,drift_physics_error
learned · fourier→pinnmamba · joint baseline,4009,late,0.0,42,300049,0.0,0.0,0.40013121533774976,0.40013121533774976,0.0,0.6561369980927033,0.6561369980927033,0.0,0.6637917452348463,0.6637917452348463,0.0,0.26452836826471887,0.26452836826471887,0.0,1.9041017293930054,1.9041017293930054,0.0
learned · fourier→pinnmamba · joint baseline,4009,late,0.0,42,300049,0.0,0.1,0.40013121533774976,0.28328700014028807,0.11684421519746169,0.6561369980927033,0.6531533096011697,0.0029836884915336315,0.6637917452348463,0.6113390036429167,0.052452741591929586,0.26452836826471887,0.28914571612761203,9.306127741376336,1.9041017293930054,1.911944031715393,0.411863620589625
learned · fourier→pinnmamba · joint baseline,4009,late,0.0,42,300049,0.0,0.25,0.40013121533774976,0.15724105319056758,0.24289016214718218,0.6561369980927033,0.6514805144124958,0.004656483680207546,0.6637917452348463,0.5499604560777933,0.11383128915705298,0.26452836826471887,0.3135420599405696,18.52870903690819,1.9041017293930054,1.9629862308502197,3.092508165306153
learned · fourier→pinnmamba · joint baseline,4008,late,0.0,42,300049,0.0,0.0,-0.9590252264955303,-0.9590252264955303,0.0,0.4763345188828918,0.4763345188828918,0.0,0.06631992319130409,0.06631992319130409,0.0,0.4944204514375236,0.4944204514375236,0.0,1.8734581470489502,1.8734581470489502,0.0
learned · fourier→pinnmamba · joint baseline,4008,late,0.0,42,300049,0.0,0.1,-0.9590252264955303,-1.055737901779108,0.09671267528357763,0.4763345188828918,0.4562081102610863,0.02012640862180548,0.06631992319130409,0.04720730175883758,0.019112621432466503,0.4944204514375236,0.5064776484525826,2.438652563825539,1.8734581470489502,1.9592063426971436,4.577000867794294
learned · fourier→pinnmamba · joint baseline,4008,late,0.0,42,300049,0.0,0.25,-0.9590252264955303,-1.3214041145718496,0.36237888807631924,0.4763345188828918,0.462163981124737,0.0141705377581548,0.06631992319130409,-0.007471080864832835,0.07379100405613692,0.4944204514375236,0.538210030697957,8.856749176356997,1.8734581470489502,2.1298015117645264,13.68289786026794
learned · fourier→pinnmamba · joint baseline,2488,late,0.0,42,300049,0.0,0.0,0.28511875806962617,0.28511875806962617,0.0,0.5017692908707674,0.5017692908707674,0.0,0.6371151454881867,0.6371151454881867,0.0,0.8873035584429826,0.8873035584429826,0.0,0.4010210931301117,0.4010210931301117,0.0
learned · fourier→pinnmamba · joint baseline,2488,late,0.0,42,300049,0.0,0.1,0.28511875806962617,0.20396129005899066,0.0811574680106355,0.5017692908707674,0.43577462373066433,0.06599466714010305,0.6371151454881867,0.6161529490348331,0.02096219645335362,0.8873035584429826,0.9363158302307091,5.523732134437955,0.4010210931301117,0.43255484104156494,7.8633639106913735
learned · fourier→pinnmamba · joint baseline,2488,late,0.0,42,300049,0.0,0.25,0.28511875806962617,-0.014481545217226666,0.29960030328685283,0.5017692908707674,0.24864055446524025,0.25312873640552713,0.6371151454881867,0.5409398787112956,0.09617526677689114,0.8873035584429826,1.057005745418869,19.125606491838653,0.4010210931301117,0.5337923169136047,33.108289328914495
learned · fourier→pinnmamba · joint baseline,2109,late,0.0,42,300049,0.0,0.0,0.8348245970194927,0.8348245970194927,0.0,0.8621980423291367,0.8621980423291367,0.0,0.8746214906617142,0.8746214906617142,0.0,1.4704570818916531,1.4704570818916531,0.0,0.18287768959999084,0.18287768959999084,0.0
learned · fourier→pinnmamba · joint baseline,2109,late,0.0,42,300049,0.0,0.1,0.8348245970194927,0.8347911672305582,3.342978893450255e-05,0.8621980423291367,0.869270773712256,-0.007072731383119368,0.8746214906617142,0.8771455871620669,-0.0025240965003526794,1.4704570818916531,1.4706058769968238,0.01011896960496212,0.18287768959999084,0.18531960248947144,1.3352710737005686
learned · fourier→pinnmamba · joint baseline,2109,late,0.0,42,300049,0.0,0.25,0.8348245970194927,0.8265121508220747,0.008312446197418,0.8621980423291367,0.8564921610574593,0.005705881271677371,0.8746214906617142,0.878079443219033,-0.003457952557318733,1.4704570818916531,1.50700327885875,2.4853630491603584,0.18287768959999084,0.19631066918373108,7.345335351251565
learned · fourier→pinnmamba · joint baseline,2011,late,0.0,42,300049,0.0,0.0,0.8894233137919095,0.8894233137919095,0.0,0.9472693920180294,0.9472693920180294,0.0,0.8711723886764864,0.8711723886764864,0.0,0.6616585231472918,0.6616585231472918,0.0,0.4480889141559601,0.4480889141559601,0.0
learned · fourier→pinnmamba · joint baseline,2011,late,0.0,42,300049,0.0,0.1,0.8894233137919095,0.8864673468210409,0.00295596697086864,0.9472693920180294,0.9440772824664269,0.00319210955160254,0.8711723886764864,0.8679782254389061,0.003194163237580261,0.6616585231472918,0.6704440168620158,1.3277987673965619,0.4480889141559601,0.45132437348365784,0.7220574367014205
learned · fourier→pinnmamba · joint baseline,2011,late,0.0,42,300049,0.0,0.25,0.8894233137919095,0.8726339389890617,0.016789374802847812,0.9472693920180294,0.9283068843986073,0.018962507619422087,0.8711723886764864,0.8600194588682395,0.011152929808246892,0.6616585231472918,0.7101154876902633,7.323560847138751,0.4480889141559601,0.4619850814342499,3.1012075593222885
learned · fourier→pinnmamba · joint baseline,2126,late,0.0,42,300049,0.0,0.0,0.574732942334359,0.574732942334359,0.0,0.7199439186375286,0.7199439186375286,0.0,0.7641560824813571,0.7641560824813571,0.0,1.1267022378906597,1.1267022378906597,0.0,0.27958622574806213,0.27958622574806213,0.0
learned · fourier→pinnmamba · joint baseline,2126,late,0.0,42,300049,0.0,0.1,0.574732942334359,0.548909631910664,0.02582331042369501,0.7199439186375286,0.7174840976747298,0.002459820962798842,0.7641560824813571,0.745870812512251,0.018285269969106177,1.1267022378906597,1.1604062591481048,2.9913867323582863,0.27958622574806213,0.3036101758480072,8.592680142115901
learned · fourier→pinnmamba · joint baseline,2126,late,0.0,42,300049,0.0,0.25,0.574732942334359,0.5224554526645497,0.052277489669809274,0.7199439186375286,0.6488571428943795,0.07108677574314914,0.7641560824813571,0.7254148271420526,0.0387412553393045,1.1267022378906597,1.1939475014273102,5.968326082545359,0.27958622574806213,0.35475602746009827,26.886089080716147
learned · fourier→pinnmamba · joint baseline,5001,late,0.0,42,300049,0.0,0.0,-2.0403906422921256,-2.0403906422921256,0.0,-3.3824163767135067,-3.3824163767135067,0.0,-1.333105584071704,-1.333105584071704,0.0,7.559965026042024,7.559965026042024,0.0,6.404166221618652,6.404166221618652,0.0
learned · fourier→pinnmamba · joint baseline,5001,late,0.0,42,300049,0.0,0.1,-2.0403906422921256,-2.0767297158177316,0.03633907352560595,-3.3824163767135067,-3.486455758477523,0.10403938176401617,-1.333105584071704,-1.3620517745863028,0.02894619051459868,7.559965026042024,7.605009585998378,0.5958302690711899,6.404166221618652,6.4897050857543945,1.3356752647516736
learned · fourier→pinnmamba · joint baseline,5001,late,0.0,42,300049,0.0,0.25,-2.0403906422921256,-2.2330071817803754,0.19261653948824975,-3.3824163767135067,-3.7278910942208903,0.34547471750738357,-1.333105584071704,-1.445475147330256,0.11236956325855196,7.559965026042024,7.795759407160123,3.118987724226919,6.404166221618652,6.8198561668396,6.490929979576353
learned · fourier→pinnmamba · joint baseline,2247,late,0.0,42,300049,0.0,0.0,0.8587704681743483,0.8587704681743483,0.0,0.6648536359808896,0.6648536359808896,0.0,0.8170440843415523,0.8170440843415523,0.0,0.7970941353671835,0.7970941353671835,0.0,0.1482306569814682,0.1482306569814682,0.0
learned · fourier→pinnmamba · joint baseline,2247,late,0.0,42,300049,0.0,0.1,0.8587704681743483,0.846433749904396,0.012336718269952307,0.6648536359808896,0.661547265903313,0.0033063700775766147,0.8170440843415523,0.8086665806397921,0.008377503701760158,0.7970941353671835,0.8311793477845599,4.27618406722751,0.1482306569814682,0.15508027374744415,4.620917767929944
learned · fourier→pinnmamba · joint baseline,2247,late,0.0,42,300049,0.0,0.25,0.8587704681743483,0.7966698581614554,0.06210061001289291,0.6648536359808896,0.6396533947138447,0.0252002412670449,0.8170440843415523,0.7737799394169584,0.04326414492459385,0.7970941353671835,0.9564179886779908,19.98808500045158,0.1482306569814682,0.19274982810020447,30.033713690078333
learned · fourier→pinnmamba · joint baseline,4022,late,0.0,42,300049,0.0,0.0,0.46124602970842066,0.46124602970842066,0.0,0.3929620534582776,0.3929620534582776,0.0,0.6304170860887649,0.6304170860887649,0.0,2.82285800088474,2.82285800088474,0.0,0.2643910348415375,0.2643910348415375,0.0
learned · fourier→pinnmamba · joint baseline,4022,late,0.0,42,300049,0.0,0.1,0.46124602970842066,0.44516635767092516,0.016079672037495496,0.3929620534582776,0.3774755319110924,0.015486521547185217,0.6304170860887649,0.6101298527956984,0.020287233293066476,2.82285800088474,2.8646738505366853,1.4813302560326975,0.2643910348415375,0.24626275897026062,-6.856615195799669
learned · fourier→pinnmamba · joint baseline,4022,late,0.0,42,300049,0.0,0.25,0.46124602970842066,0.3647696093992998,0.09647642030912085,0.3929620534582776,0.2953736667319343,0.09758838672634329,0.6304170860887649,0.5761544015879654,0.05426268450079952,2.82285800088474,3.065204285622138,8.58513905628416,0.2643910348415375,0.2765401303768158,4.5951238636211205
learned · fourier→pinnmamba · joint baseline,4023,late,0.0,42,300049,0.0,0.0,0.38717081173242185,0.38717081173242185,0.0,0.3821034962540071,0.3821034962540071,0.0,0.6390116674454338,0.6390116674454338,0.0,2.519085140331956,2.519085140331956,0.0,0.2581845223903656,0.2581845223903656,0.0
learned · fourier→pinnmamba · joint baseline,4023,late,0.0,42,300049,0.0,0.1,0.38717081173242185,0.41696228766263377,-0.02979147593021192,0.3821034962540071,0.3503496898843841,0.031753806369622994,0.6390116674454338,0.6513405761191158,-0.01232890867368197,2.519085140331956,2.4570921732629203,-2.46093179132748,0.2581845223903656,0.28423696756362915,10.090630116809713
learned · fourier→pinnmamba · joint baseline,4023,late,0.0,42,300049,0.0,0.25,0.38717081173242185,0.33537178656271005,0.0517990251697118,0.3821034962540071,0.20639412708465332,0.17570936916935376,0.6390116674454338,0.6027155660114916,0.03629610143394224,2.519085140331956,2.6233879032896774,4.1405016959441445,0.2581845223903656,0.38475558161735535,49.02348833894036
learned · fourier→pinnmamba · joint baseline,5009,late,0.0,42,300049,0.0,0.0,0.47111318235777067,0.47111318235777067,0.0,0.4156558100175203,0.4156558100175203,0.0,0.5266533869926922,0.5266533869926922,0.0,2.446394966671267,2.446394966671267,0.0,0.7057293653488159,0.7057293653488159,0.0
learned · fourier→pinnmamba · joint baseline,5009,late,0.0,42,300049,0.0,0.1,0.47111318235777067,0.4714404118649257,-0.00032722950715502463,0.4156558100175203,0.4153423745615247,0.0003134354559956032,0.5266533869926922,0.5297157778186217,-0.0030623908259295174,2.446394966671267,2.4456380405615747,-0.030940470365764118,0.7057293653488159,0.7062385082244873,0.07214421004285916
learned · fourier→pinnmamba · joint baseline,5009,late,0.0,42,300049,0.0,0.25,0.47111318235777067,0.4657269001445593,0.0053862822132113575,0.4156558100175203,0.377484105817783,0.038171704199737255,0.5266533869926922,0.5324548407110217,-0.005801453718329519,2.446394966671267,2.4588206821761256,0.5079194355016868,0.7057293653488159,0.7159702181816101,1.45110198549447
learned · fourier→pinnmamba · joint baseline,5010,late,0.0,42,300049,0.0,0.0,0.43829018024163946,0.43829018024163946,0.0,0.42492397690208084,0.42492397690208084,0.0,0.49190316532984313,0.49190316532984313,0.0,2.8722844651470485,2.8722844651470485,0.0,0.9550181031227112,0.9550181031227112,0.0
learned · fourier→pinnmamba · joint baseline,5010,late,0.0,42,300049,0.0,0.1,0.43829018024163946,0.4354684482917942,0.002821731949845252,0.42492397690208084,0.4326897782750978,-0.007765801373016967,0.49190316532984313,0.48795305688776924,0.003950108442073885,2.8722844651470485,2.8794898436816263,0.2508588067097639,0.9550181031227112,0.9582782983779907,0.3413752309636203
learned · fourier→pinnmamba · joint baseline,5010,late,0.0,42,300049,0.0,0.25,0.43829018024163946,0.4135476628640584,0.02474251737758104,0.42492397690208084,0.42332531503278203,0.0015986618692988008,0.49190316532984313,0.4750655243406332,0.016837640989209923,2.8722844651470485,2.9348627891644496,2.1786952085262006,0.9550181031227112,0.9928087592124939,3.9570617526741225
learned · fourier→pinnmamba · joint baseline,5016,late,0.0,42,300049,0.0,0.0,0.8737087950077176,0.8737087950077176,0.0,0.7743987614677894,0.7743987614677894,0.0,0.855985603123857,0.855985603123857,0.0,3.024253343067091,3.024253343067091,0.0,0.17803160846233368,0.17803160846233368,0.0
learned · fourier→pinnmamba · joint baseline,5016,late,0.0,42,300049,0.0,0.1,0.8737087950077176,0.8626667662030558,0.011042028804661763,0.7743987614677894,0.7347551984971026,0.03964356297068683,0.855985603123857,0.8475023435739787,0.008483259549878275,3.024253343067091,3.153693181648861,4.2800593699764775,0.17803160846233368,0.17370986938476562,-2.427512234987423
learned · fourier→pinnmamba · joint baseline,5016,late,0.0,42,300049,0.0,0.25,0.8737087950077176,0.8240837162890735,0.04962507871864408,0.7743987614677894,0.6021369335245628,0.17226182794322664,0.855985603123857,0.8300334890744816,0.025952114049375363,3.024253343067091,3.5693130250165304,18.022950464747076,0.17803160846233368,0.20872239768505096,17.238955198908158
learned · fourier→pinnmamba · joint baseline,3014,late,0.0,42,300049,0.0,0.0,0.08940297062195335,0.08940297062195335,0.0,-0.08439979280280241,-0.08439979280280241,0.0,0.4259976211834924,0.4259976211834924,0.0,4.141376339482146,4.141376339482146,0.0,0.24769331514835358,0.24769331514835358,0.0
learned · fourier→pinnmamba · joint baseline,3014,late,0.0,42,300049,0.0,0.1,0.08940297062195335,0.08487274286070134,0.004530227761252004,-0.08439979280280241,-0.06633470731141067,-0.01806508549139174,0.4259976211834924,0.42614451680818843,-0.00014689562469605288,4.141376339482146,4.151665249296471,0.24844179738593505,0.24769331514835358,0.25569742918014526,3.2314614655618374
learned · fourier→pinnmamba · joint baseline,3014,late,0.0,42,300049,0.0,0.25,0.08940297062195335,0.0998614993100495,-0.010458528688096158,-0.08439979280280241,-0.16518895641111464,0.08078916360831223,0.4259976211834924,0.42410599176009245,0.001891629423399932,4.141376339482146,4.117525071227424,-0.575926124543043,0.24769331514835358,0.2582117021083832,4.246536469395516
learned · fourier→pinnmamba · joint baseline,3015,late,0.0,42,300049,0.0,0.0,0.12160320744339825,0.12160320744339825,0.0,0.011773404554655365,0.011773404554655365,0.0,0.2200451608374575,0.2200451608374575,0.0,5.969307151787631,5.969307151787631,0.0,0.318947970867157,0.318947970867157,0.0
learned · fourier→pinnmamba · joint baseline,3015,late,0.0,42,300049,0.0,0.1,0.12160320744339825,0.11343567843697733,0.008167529006420926,0.011773404554655365,0.03242666538997918,-0.020653260835323817,0.2200451608374575,0.21435248599933188,0.005692674838125633,5.969307151787631,5.99699491263274,0.463835419104163,0.318947970867157,0.3123212456703186,-2.0776821933751806
learned · fourier→pinnmamba · joint baseline,3015,late,0.0,42,300049,0.0,0.25,0.12160320744339825,0.09412478958232484,0.027478417861073412,0.011773404554655365,0.02229776218443369,-0.010524357629778325,0.2200451608374575,0.2040587315468887,0.015986429290568815,5.969307151787631,6.061955488525447,1.5520785642613562,0.318947970867157,0.315881609916687,-0.9613984820574768
learned · rbf→pinnmamba · joint baseline,4009,late,0.0,42,300049,0.0,0.0,0.5330175460644027,0.5330175460644027,0.0,0.6440158409693006,0.6440158409693006,0.0,0.7655091946104859,0.7655091946104859,0.0,0.23339653429801133,0.23339653429801133,0.0,2.124178171157837,2.124178171157837,0.0
learned · rbf→pinnmamba · joint baseline,4009,late,0.0,42,300049,0.0,0.1,0.5330175460644027,0.5306259505053028,0.002391595559099846,0.6440158409693006,0.6528028998539845,-0.008787058884683896,0.7655091946104859,0.7628870459677679,0.0026221486427180363,0.23339653429801133,0.23399342745562024,0.25574208263382897,2.124178171157837,2.110226631164551,-0.6567970701667409
learned · rbf→pinnmamba · joint baseline,4009,late,0.0,42,300049,0.0,0.25,0.5330175460644027,0.4794157992286875,0.05360174683571517,0.6440158409693006,0.6518038139612576,-0.007787972991956993,0.7655091946104859,0.7355403758471584,0.029968818763327576,0.23339653429801133,0.24642775082603968,5.583294785084299,2.124178171157837,2.103710174560547,-0.9635724947749295
learned · rbf→pinnmamba · joint baseline,4008,late,0.0,42,300049,0.0,0.0,0.18531393170613097,0.18531393170613097,0.0,0.6831031226864045,0.6831031226864045,0.0,0.5284729353083215,0.5284729353083215,0.0,0.31883908739737354,0.31883908739737354,0.0,1.8489298820495605,1.8489298820495605,0.0
learned · rbf→pinnmamba · joint baseline,4008,late,0.0,42,300049,0.0,0.1,0.18531393170613097,0.19123651767410055,-0.005922585967969574,0.6831031226864045,0.6825737973515821,0.000529325334822417,0.5284729353083215,0.5280315339820116,0.00044140132630987594,0.31883908739737354,0.3176780288714155,-0.3641518784398615,1.8489298820495605,1.8751111030578613,1.4160202213443913
learned · rbf→pinnmamba · joint baseline,4008,late,0.0,42,300049,0.0,0.25,0.18531393170613097,0.13092822429067608,0.0543857074154549,0.6831031226864045,0.6743176992047888,0.008785423481615706,0.5284729353083215,0.49669541805401174,0.03177751725430977,0.31883908739737354,0.3293094817831263,3.283911791123452,1.8489298820495605,1.9388329982757568,4.8624405446104655
learned · rbf→pinnmamba · joint baseline,2488,late,0.0,42,300049,0.0,0.0,0.3559641550488116,0.3559641550488116,0.0,0.4503920161846485,0.4503920161846485,0.0,0.5661008714299433,0.5661008714299433,0.0,0.842190410666811,0.842190410666811,0.0,0.36082157492637634,0.36082157492637634,0.0
learned · rbf→pinnmamba · joint baseline,2488,late,0.0,42,300049,0.0,0.1,0.3559641550488116,0.35300630080401085,0.0029578542448007727,0.4503920161846485,0.45065380844192293,-0.0002617922572744069,0.5661008714299433,0.5667458914611256,-0.0006450200311823862,0.842190410666811,0.8441221531831118,0.22937123147380903,0.36082157492637634,0.3664586842060089,1.5622982857338255
learned · rbf→pinnmamba · joint baseline,2488,late,0.0,42,300049,0.0,0.25,0.3559641550488116,0.3098001349044478,0.046164020144363827,0.4503920161846485,0.4487678736166485,0.001624142568000031,0.5661008714299433,0.5538400205305256,0.012260850899417641,0.842190410666811,0.8718518781778649,3.5219431538729125,0.36082157492637634,0.3941226005554199,9.2292224032996
learned · rbf→pinnmamba · joint baseline,2109,late,0.0,42,300049,0.0,0.0,0.8800699276398983,0.8800699276398983,0.0,0.8968265658549699,0.8968265658549699,0.0,0.8699362120594344,0.8699362120594344,0.0,1.2529787732190658,1.2529787732190658,0.0,0.17490588128566742,0.17490588128566742,0.0
learned · rbf→pinnmamba · joint baseline,2109,late,0.0,42,300049,0.0,0.1,0.8800699276398983,0.8753531517484756,0.00471677589142272,0.8968265658549699,0.8961113312509195,0.0007152346040504298,0.8699362120594344,0.8708351567477353,-0.0008989446883008734,1.2529787732190658,1.2773806015411846,1.9475053244060403,0.17490588128566742,0.1768384426832199,1.104915045364374
learned · rbf→pinnmamba · joint baseline,2109,late,0.0,42,300049,0.0,0.25,0.8800699276398983,0.8602348706285875,0.01983505701131083,0.8968265658549699,0.8825770982899734,0.014249467564996454,0.8699362120594344,0.8753001164474902,-0.005363904388055785,1.2529787732190658,1.3526302049296113,7.953162004055978,0.17490588128566742,0.1900942176580429,8.683719644377726
learned · rbf→pinnmamba · joint baseline,2011,late,0.0,42,300049,0.0,0.0,0.9191490260990725,0.9191490260990725,0.0,0.9540560111377878,0.9540560111377878,0.0,0.8969995435283074,0.8969995435283074,0.0,0.5657763032318547,0.5657763032318547,0.0,0.4250407814979553,0.4250407814979553,0.0
learned · rbf→pinnmamba · joint baseline,2011,late,0.0,42,300049,0.0,0.1,0.9191490260990725,0.9165960855540531,0.002552940545019311,0.9540560111377878,0.951416354204166,0.0026396569336217812,0.8969995435283074,0.8948828438158385,0.0021166997124688613,0.5657763032318547,0.5746393245186374,1.5665239488036098,0.4250407814979553,0.4297561049461365,1.1093814178402162
learned · rbf→pinnmamba · joint baseline,2011,late,0.0,42,300049,0.0,0.25,0.9191490260990725,0.9043912477149428,0.014757778384129616,0.9540560111377878,0.9373271108984035,0.016728900239384337,0.8969995435283074,0.8910210866581758,0.005978456870131543,0.5657763032318547,0.6152490491062771,8.744223749178218,0.4250407814979553,0.4397642910480499,3.4640227928729783
learned · rbf→pinnmamba · joint baseline,2126,late,0.0,42,300049,0.0,0.0,0.6914860454903267,0.6914860454903267,0.0,0.8195959301384297,0.8195959301384297,0.0,0.8247469362478113,0.8247469362478113,0.0,0.9596562409520127,0.9596562409520127,0.0,0.2341136336326599,0.2341136336326599,0.0
learned · rbf→pinnmamba · joint baseline,2126,late,0.0,42,300049,0.0,0.1,0.6914860454903267,0.6873451015108341,0.004140943979492606,0.8195959301384297,0.8077498960176911,0.011846034120738591,0.8247469362478113,0.8221897476535235,0.0025571885942877737,0.9596562409520127,0.9660751351928486,0.6688743288396781,0.2341136336326599,0.24505150318145752,4.6720344215236365
learned · rbf→pinnmamba · joint baseline,2126,late,0.0,42,300049,0.0,0.25,0.6914860454903267,0.6557075481983177,0.03577849729200899,0.8195959301384297,0.7731579667574493,0.046437963380980385,0.8247469362478113,0.8068832592577498,0.017863676990061417,0.9596562409520127,1.0137760720453657,5.639501811572044,0.2341136336326599,0.2773163616657257,18.45374289515056
learned · rbf→pinnmamba · joint baseline,5001,late,0.0,42,300049,0.0,0.0,-2.2394446869252937,-2.2394446869252937,0.0,-0.3038659405087152,-0.3038659405087152,0.0,-1.1307817174538584,-1.1307817174538584,0.0,7.803516934645778,7.803516934645778,0.0,6.576413631439209,6.576413631439209,0.0
learned · rbf→pinnmamba · joint baseline,5001,late,0.0,42,300049,0.0,0.1,-2.2394446869252937,-2.258782428837434,0.019337741912140327,-0.3038659405087152,-0.3064458400590213,0.0025798995503061306,-1.1307817174538584,-1.14841891576875,0.017637198314891744,7.803516934645778,7.826773677573993,0.29802899286295426,6.576413631439209,6.612634181976318,0.5507644829995695
learned · rbf→pinnmamba · joint baseline,5001,late,0.0,42,300049,0.0,0.25,-2.2394446869252937,-2.2524615689638554,0.013016882038561661,-0.3038659405087152,-0.41678710452204304,0.11292116401332786,-1.1307817174538584,-1.1468289070231212,0.016047189569262876,7.803516934645778,7.819179437474752,0.20071082000778434,6.576413631439209,6.568549633026123,-0.11957882903671538
learned · rbf→pinnmamba · joint baseline,2247,late,0.0,42,300049,0.0,0.0,0.8335640720489353,0.8335640720489353,0.0,0.7310443424805585,0.7310443424805585,0.0,0.720754360095023,0.720754360095023,0.0,0.8653073545689225,0.8653073545689225,0.0,0.16906362771987915,0.16906362771987915,0.0
learned · rbf→pinnmamba · joint baseline,2247,late,0.0,42,300049,0.0,0.1,0.8335640720489353,0.8326306241554158,0.0009334478935195678,0.7310443424805585,0.7246627045849647,0.006381637895593761,0.720754360095023,0.7212924933856961,-0.0005381332906730929,0.8653073545689225,0.8677304791559307,0.2800305087219982,0.16906362771987915,0.17198938131332397,1.7305635948451867
learned · rbf→pinnmamba · joint baseline,2247,late,0.0,42,300049,0.0,0.25,0.8335640720489353,0.8166631731636104,0.016900898885324978,0.7310443424805585,0.7112381904860797,0.01980615199447877,0.720754360095023,0.7168752433387762,0.0038791167562468587,0.8653073545689225,0.9081795309070636,4.954560493652466,0.16906362771987915,0.18507759273052216,9.472152719434414
learned · rbf→pinnmamba · joint baseline,4022,late,0.0,42,300049,0.0,0.0,0.32713290580428345,0.32713290580428345,0.0,0.34566085613723474,0.34566085613723474,0.0,0.507944820966654,0.507944820966654,0.0,3.1547026854469076,3.1547026854469076,0.0,0.29911625385284424,0.29911625385284424,0.0
learned · rbf→pinnmamba · joint baseline,4022,late,0.0,42,300049,0.0,0.1,0.32713290580428345,0.3132516385314158,0.013881267272867648,0.34566085613723474,0.36410235133979607,-0.01844149520256133,0.507944820966654,0.5109559982732076,-0.0030111773065535363,3.1547026854469076,3.1870773682043025,1.0262356229873575,0.29911625385284424,0.31331580877304077,4.747169281941551
learned · rbf→pinnmamba · joint baseline,4022,late,0.0,42,300049,0.0,0.25,0.32713290580428345,0.26282369298931163,0.06430921281497182,0.34566085613723474,0.34890327442741853,-0.0032424182901837906,0.507944820966654,0.4947589647195325,0.013185856247121541,3.1547026854469076,3.3020182910240603,4.669714399925565,0.29911625385284424,0.35296982526779175,18.004227694507623
learned · rbf→pinnmamba · joint baseline,4023,late,0.0,42,300049,0.0,0.0,0.49854786930100337,0.49854786930100337,0.0,0.43927865746620387,0.43927865746620387,0.0,0.6493719062397433,0.6493719062397433,0.0,2.2787037423205403,2.2787037423205403,0.0,0.25962743163108826,0.25962743163108826,0.0
learned · rbf→pinnmamba · joint baseline,4023,late,0.0,42,300049,0.0,0.1,0.49854786930100337,0.4899000879732811,0.00864778132772226,0.43927865746620387,0.41285933708646005,0.026419320379743816,0.6493719062397433,0.6444388699155645,0.004933036324178741,2.2787037423205403,2.29826841914678,0.8585879973285152,0.25962743163108826,0.25852152705192566,-0.42595829424296267
learned · rbf→pinnmamba · joint baseline,4023,late,0.0,42,300049,0.0,0.25,0.49854786930100337,0.4340906411883433,0.06445722811266008,0.43927865746620387,0.36102806597571657,0.0782505914904873,0.6493719062397433,0.6248141801154105,0.024557726124332824,2.2787037423205403,2.4207311748154297,6.232816923811884,0.25962743163108826,0.28211382031440735,8.661021888962264
learned · rbf→pinnmamba · joint baseline,5009,late,0.0,42,300049,0.0,0.0,0.2045732359394743,0.2045732359394743,0.0,0.5787461709262031,0.5787461709262031,0.0,0.1635718691203103,0.1635718691203103,0.0,3.0001661254926826,3.0001661254926826,0.0,0.9607029557228088,0.9607029557228088,0.0
learned · rbf→pinnmamba · joint baseline,5009,late,0.0,42,300049,0.0,0.1,0.2045732359394743,0.20928277099519788,-0.004709535055723579,0.5787461709262031,0.5842209675842516,-0.005474796658048509,0.1635718691203103,0.1689741936260345,-0.005402324505724199,3.0001661254926826,2.9912713003995757,-0.29647775226600864,0.9607029557228088,0.9579553008079529,-0.2860046280162311
learned · rbf→pinnmamba · joint baseline,5009,late,0.0,42,300049,0.0,0.25,0.2045732359394743,0.2120647340467462,-0.007491498107271899,0.5787461709262031,0.5786456850631176,0.00010048586308541996,0.1635718691203103,0.1687253570361109,-0.005153487915800614,3.0001661254926826,2.9860046018474775,-0.4720246497310039,0.9607029557228088,0.959539532661438,-0.12110122639265945
learned · rbf→pinnmamba · joint baseline,5010,late,0.0,42,300049,0.0,0.0,0.34463390987460973,0.34463390987460973,0.0,0.49219780593955254,0.49219780593955254,0.0,0.38576483902952163,0.38576483902952163,0.0,3.1025116747287838,3.1025116747287838,0.0,0.9650559425354004,0.9650559425354004,0.0
learned · rbf→pinnmamba · joint baseline,5010,late,0.0,42,300049,0.0,0.1,0.34463390987460973,0.3493840844030611,-0.00475017452845139,0.49219780593955254,0.4884615133088297,0.0037362926307228372,0.38576483902952163,0.3895165726918538,-0.0037517336623321684,3.1025116747287838,3.0912475323437634,-0.3630652698834751,0.9650559425354004,0.9557502865791321,-0.9642607797243794
learned · rbf→pinnmamba · joint baseline,5010,late,0.0,42,300049,0.0,0.25,0.34463390987460973,0.3453443602362809,-0.0007104503616711666,0.49219780593955254,0.43453262597494247,0.05766517996461007,0.38576483902952163,0.38992678026806316,-0.004161941238541522,3.1025116747287838,3.100829578065762,-0.0542172549010252,0.9650559425354004,0.9547618627548218,-1.0666821815048306
learned · rbf→pinnmamba · joint baseline,5016,late,0.0,42,300049,0.0,0.0,0.7465352846961866,0.7465352846961866,0.0,0.7655102143393542,0.7655102143393542,0.0,0.7450252686880156,0.7450252686880156,0.0,4.284403553645004,4.284403553645004,0.0,0.3476260006427765,0.3476260006427765,0.0
learned · rbf→pinnmamba · joint baseline,5016,late,0.0,42,300049,0.0,0.1,0.7465352846961866,0.7456693379453235,0.0008659467508630447,0.7655102143393542,0.7536133766241457,0.011896837715208441,0.7450252686880156,0.7462121487995131,-0.0011868801114975902,4.284403553645004,4.291716015126437,0.17067630044354987,0.3476260006427765,0.34398314356803894,-1.0479242254611962
learned · rbf→pinnmamba · joint baseline,5016,late,0.0,42,300049,0.0,0.25,0.7465352846961866,0.7300350500527859,0.01650023464340067,0.7655102143393542,0.6974205719206952,0.068089642418659,0.7450252686880156,0.7435471396245936,0.001478129063421929,4.284403553645004,4.421659616745244,3.2036212598009888,0.3476260006427765,0.36161088943481445,4.0229697336158
learned · rbf→pinnmamba · joint baseline,3014,late,0.0,42,300049,0.0,0.0,0.17627859995271677,0.17627859995271677,0.0,0.19176576908533915,0.19176576908533915,0.0,0.45573437632009584,0.45573437632009584,0.0,3.9388710015811212,3.9388710015811212,0.0,0.2921091318130493,0.2921091318130493,0.0
learned · rbf→pinnmamba · joint baseline,3014,late,0.0,42,300049,0.0,0.1,0.17627859995271677,0.17702594408515948,-0.0007473441324427066,0.19176576908533915,0.18696687449323857,0.004798894592100589,0.45573437632009584,0.45348370402919347,0.002250672290902367,3.9388710015811212,3.93708377101931,-0.0453741836453583,0.2921091318130493,0.28242969512939453,-3.3136371408784484
learned · rbf→pinnmamba · joint baseline,3014,late,0.0,42,300049,0.0,0.25,0.17627859995271677,0.11525667838780562,0.06102192156491115,0.19176576908533915,0.1227326952093476,0.06903307387599156,0.45573437632009584,0.43036531959169455,0.025369056728401285,3.9388710015811212,4.0821619462329695,3.637868429667514,0.2921091318130493,0.30621281266212463,4.828223192317628
learned · rbf→pinnmamba · joint baseline,3015,late,0.0,42,300049,0.0,0.0,0.1636232805205705,0.1636232805205705,0.0,-0.12107647426906198,-0.12107647426906198,0.0,0.28762281630879816,0.28762281630879816,0.0,5.8247799536163445,5.8247799536163445,0.0,0.2957194447517395,0.2957194447517395,0.0
learned · rbf→pinnmamba · joint baseline,3015,late,0.0,42,300049,0.0,0.1,0.1636232805205705,0.1514924868533314,0.012130793667239126,-0.12107647426906198,-0.10477662087032469,-0.016299853398737296,0.28762281630879816,0.2872399480898974,0.00038286821890076705,5.8247799536163445,5.866869142328703,0.722588476260415,0.2957194447517395,0.3010993003845215,1.819243113112986
learned · rbf→pinnmamba · joint baseline,3015,late,0.0,42,300049,0.0,0.25,0.1636232805205705,0.10890505888135782,0.054718221639212694,-0.12107647426906198,-0.13072259345191295,0.009646119182850965,0.28762281630879816,0.2859448104106379,0.0016780058981602508,5.8247799536163445,6.012298640889526,3.2193265456621996,0.2957194447517395,0.3330976366996765,12.639747778275627
morse · rbf→pinnmamba · distill to simple,4009,late,0.0,42,300049,0.0,0.0,0.7046066971989184,0.7046066971989184,0.0,0.604174717215352,0.604174717215352,0.0,0.727718899124224,0.727718899124224,0.0,0.18562840958760415,0.18562840958760415,0.0,0.12725012004375458,0.12725012004375458,0.0
morse · rbf→pinnmamba · distill to simple,4009,late,0.0,42,300049,0.0,0.1,0.7046066971989184,0.6820909841890975,0.022515713009820915,0.604174717215352,0.6114657735528082,-0.007291056337456192,0.727718899124224,0.7270366109739872,0.0006822881502368539,0.18562840958760415,0.19257306544202307,3.74116002493762,0.12725012004375458,0.12856924533843994,1.0366397251584412
morse · rbf→pinnmamba · distill to simple,4009,late,0.0,42,300049,0.0,0.25,0.7046066971989184,0.6282253563939266,0.07638134080499182,0.604174717215352,0.6205141898659194,-0.016339472650567455,0.727718899124224,0.7233059664232933,0.004412932700930794,0.18562840958760415,0.208249517767913,12.186231746834638,0.12725012004375458,0.14262782037258148,12.084625400384162
morse · rbf→pinnmamba · distill to simple,4008,late,0.0,42,300049,0.0,0.0,0.6208860307468038,0.6208860307468038,0.0,0.6714555806230869,0.6714555806230869,0.0,0.7817811741889072,0.7817811741889072,0.0,0.2175010241106099,0.2175010241106099,0.0,0.1731019914150238,0.1731019914150238,0.0
morse · rbf→pinnmamba · distill to simple,4008,late,0.0,42,300049,0.0,0.1,0.6208860307468038,0.6603399313564651,-0.03945390060966125,0.6714555806230869,0.6694421806458759,0.00201339997721095,0.7817811741889072,0.7888863770307696,-0.007105202841862335,0.2175010241106099,0.20587265203078534,-5.346352794141772,0.1731019914150238,0.16107933223247528,-6.945419335889314
morse · rbf→pinnmamba · distill to simple,4008,late,0.0,42,300049,0.0,0.25,0.6208860307468038,0.6733462697512507,-0.05246023900444685,0.6714555806230869,0.6699930569425184,0.0014625236805684283,0.7817811741889072,0.7848884921098452,-0.003107317920937991,0.2175010241106099,0.20189251753598836,-7.176291071937137,0.1731019914150238,0.16429470479488373,-5.087917561285593
morse · rbf→pinnmamba · distill to simple,2488,late,0.0,42,300049,0.0,0.0,0.3372697029485743,0.3372697029485743,0.0,0.49734238747937,0.49734238747937,0.0,0.5249011173601927,0.5249011173601927,0.0,0.8543261206794466,0.8543261206794466,0.0,0.11393015831708908,0.11393015831708908,0.0
morse · rbf→pinnmamba · distill to simple,2488,late,0.0,42,300049,0.0,0.1,0.3372697029485743,0.3130119877435872,0.024257715204987096,0.49734238747937,0.47535724068667007,0.021985146792699917,0.5249011173601927,0.5227121389780192,0.0021889783821735787,0.8543261206794466,0.8698209263953324,1.8136874597212078,0.11393015831708908,0.12271374464035034,7.709623556227217
morse · rbf→pinnmamba · distill to simple,2488,late,0.0,42,300049,0.0,0.25,0.3372697029485743,0.25761300890558647,0.07965669404298781,0.49734238747937,0.4375590014566435,0.05978338602272648,0.5249011173601927,0.5245670337383976,0.00033408362179510043,0.8543261206794466,0.9042123802238663,5.8392525215950455,0.11393015831708908,0.14425411820411682,26.61627117433687
morse · rbf→pinnmamba · distill to simple,2109,late,0.0,42,300049,0.0,0.0,0.9068998405822962,0.9068998405822962,0.0,0.8857326834801919,0.8857326834801919,0.0,0.9108199852096583,0.9108199852096583,0.0,1.1039639154169605,1.1039639154169605,0.0,0.09145627915859222,0.09145627915859222,0.0
morse · rbf→pinnmamba · distill to simple,2109,late,0.0,42,300049,0.0,0.1,0.9068998405822962,0.9106278989483664,-0.0037280583660701527,0.8857326834801919,0.8850169826198344,0.0007157008603574377,0.9108199852096583,0.9172066807120303,-0.00638669550237192,1.1039639154169605,1.0816347953612129,-2.0226313327744987,0.09145627915859222,0.09648541361093521,5.4989493325243215
morse · rbf→pinnmamba · distill to simple,2109,late,0.0,42,300049,0.0,0.25,0.9068998405822962,0.9030979653502293,0.003801875232066876,0.8857326834801919,0.8823480149180434,0.003384668562148474,0.9108199852096583,0.9241731544489326,-0.01335316923927421,1.1039639154169605,1.1262793299726186,2.021389851970815,0.09145627915859222,0.11236751079559326,22.86473037104358
morse · rbf→pinnmamba · distill to simple,2011,late,0.0,42,300049,0.0,0.0,0.8932873843332078,0.8932873843332078,0.0,0.9268598830109612,0.9268598830109612,0.0,0.8395665995869968,0.8395665995869968,0.0,0.6499949888314275,0.6499949888314275,0.0,0.08734062314033508,0.08734062314033508,0.0
morse · rbf→pinnmamba · distill to simple,2011,late,0.0,42,300049,0.0,0.1,0.8932873843332078,0.8946788075484811,-0.001391423215273302,0.9268598830109612,0.9273399501831386,-0.0004800671721774119,0.8395665995869968,0.8404977341581453,-0.000931134571148573,0.6499949888314275,0.6457434499588237,-0.6540879461620556,0.08734062314033508,0.08613643795251846,-1.3787229178360543
morse · rbf→pinnmamba · distill to simple,2011,late,0.0,42,300049,0.0,0.25,0.8932873843332078,0.8902622128505487,0.003025171482659017,0.9268598830109612,0.923838234056961,0.0030216489540002556,0.8395665995869968,0.8406046112074005,-0.0010380116204037337,0.6499949888314275,0.6591438814778563,1.4075327969646136,0.08734062314033508,0.09120768308639526,4.42756166262606
morse · rbf→pinnmamba · distill to simple,2126,late,0.0,42,300049,0.0,0.0,0.583345198377061,0.583345198377061,0.0,0.7552763264499435,0.7552763264499435,0.0,0.7141749597008461,0.7141749597008461,0.0,1.1152352327082842,1.1152352327082842,0.0,0.1140681654214859,0.1140681654214859,0.0
morse · rbf→pinnmamba · distill to simple,2126,late,0.0,42,300049,0.0,0.1,0.583345198377061,0.5866108532503613,-0.0032656548733003277,0.7552763264499435,0.7582077298545007,-0.00293140340455722,0.7141749597008461,0.7149909696169576,-0.0008160099161115264,1.1152352327082842,1.1108561427248638,-0.3926606562443366,0.1140681654214859,0.11914871633052826,4.453960393129444
morse · rbf→pinnmamba · distill to simple,2126,late,0.0,42,300049,0.0,0.25,0.583345198377061,0.5930342718690373,-0.009689073491976341,0.7552763264499435,0.7421919257923427,0.013084400657600748,0.7141749597008461,0.7284923704725095,-0.014317410771663375,1.1152352327082842,1.1021918730564033,-1.169561296965647,0.1140681654214859,0.14426042139530182,26.468608364353425
morse · rbf→pinnmamba · distill to simple,5001,late,0.0,42,300049,0.0,0.0,0.2042347138833669,0.2042347138833669,0.0,0.4118015312753186,0.4118015312753186,0.0,0.1529107668915618,0.1529107668915618,0.0,3.8676537552049792,3.8676537552049792,0.0,1.2385283708572388,1.2385283708572388,0.0
morse · rbf→pinnmamba · distill to simple,5001,late,0.0,42,300049,0.0,0.1,0.2042347138833669,0.20314623189958203,0.0010884819837848614,0.4118015312753186,0.40063129688306076,0.011170234392257838,0.1529107668915618,0.15501675836977946,-0.0021059914782176614,3.8676537552049792,3.870298022854259,0.06836877902322921,1.2385283708572388,1.2409121990203857,0.19247263278248705
morse · rbf→pinnmamba · distill to simple,5001,late,0.0,42,300049,0.0,0.25,0.2042347138833669,0.20171647571087825,0.0025182381724886405,0.4118015312753186,0.36705337760090373,0.04474815367441487,0.1529107668915618,0.15399650580572066,-0.0010857389141588625,3.8676537552049792,3.873768611082698,0.15810246378671952,1.2385283708572388,1.2336243391036987,-0.3959563518230711
morse · rbf→pinnmamba · distill to simple,2247,late,0.0,42,300049,0.0,0.0,0.7843313671585048,0.7843313671585048,0.0,0.5985284026895015,0.5985284026895015,0.0,0.6787228923031106,0.6787228923031106,0.0,0.9850093358594039,0.9850093358594039,0.0,0.12293033301830292,0.12293033301830292,0.0
morse · rbf→pinnmamba · distill to simple,2247,late,0.0,42,300049,0.0,0.1,0.7843313671585048,0.7799405190319594,0.0043908481265454435,0.5985284026895015,0.5997071708488512,-0.0011787681593496968,0.6787228923031106,0.67548357519792,0.0032393171051905423,0.9850093358594039,0.9949858309632909,1.0128325428695213,0.12293033301830292,0.12492486834526062,1.6224924133742802
morse · rbf→pinnmamba · distill to simple,2247,late,0.0,42,300049,0.0,0.25,0.7843313671585048,0.7548725065190963,0.029458860639408502,0.5985284026895015,0.5946480538176777,0.0038803488718237578,0.6787228923031106,0.6583500499105746,0.020372842392536006,0.9850093358594039,1.0501295182620187,6.611123370297664,0.12293033301830292,0.14393822848796844,17.089269144449233
morse · rbf→pinnmamba · distill to simple,4022,late,0.0,42,300049,0.0,0.0,0.4088139215110489,0.4088139215110489,0.0,0.31861464310390275,0.31861464310390275,0.0,0.3747662822468065,0.3747662822468065,0.0,2.9570310831569335,2.9570310831569335,0.0,0.19594110548496246,0.19594110548496246,0.0
morse · rbf→pinnmamba · distill to simple,4022,late,0.0,42,300049,0.0,0.1,0.4088139215110489,0.4010405982920492,0.007773323218999706,0.31861464310390275,0.3214044479577115,-0.0027898048538087528,0.3747662822468065,0.368985980631932,0.005780301614874528,2.9570310831569335,2.9764081398053523,0.6552875537490742,0.19594110548496246,0.19822588562965393,1.16605453410939
morse · rbf→pinnmamba · distill to simple,4022,late,0.0,42,300049,0.0,0.25,0.4088139215110489,0.38764115749316397,0.021172764017884926,0.31861464310390275,0.3227136193974881,-0.004098976293585355,0.3747662822468065,0.3589119032191167,0.015854379027689824,2.9570310831569335,3.0095169047631862,1.774949945748244,0.19594110548496246,0.20559248328208923,4.9256524164438105
morse · rbf→pinnmamba · distill to simple,4023,late,0.0,42,300049,0.0,0.0,0.47307396464369145,0.47307396464369145,0.0,0.41474363019914773,0.41474363019914773,0.0,0.4804682261079847,0.4804682261079847,0.0,2.335866153639576,2.335866153639576,0.0,0.23319058120250702,0.23319058120250702,0.0
morse · rbf→pinnmamba · distill to simple,4023,late,0.0,42,300049,0.0,0.1,0.47307396464369145,0.4805103793680845,-0.007436414724393048,0.41474363019914773,0.41026848540051464,0.0044751447986330906,0.4804682261079847,0.4839900071013966,-0.003521780993411938,2.335866153639576,2.3193247501001353,-0.7081486031923132,0.23319058120250702,0.2354777604341507,0.9808197311612032
morse · rbf→pinnmamba · distill to simple,4023,late,0.0,42,300049,0.0,0.25,0.47307396464369145,0.46004466727696747,0.01302929736672398,0.41474363019914773,0.3969643406078889,0.01777928959125885,0.4804682261079847,0.47822991369348855,0.002238312414496124,2.335866153639576,2.3645692768361055,1.2287999957448956,0.23319058120250702,0.25520333647727966,9.439813203971717
morse · rbf→pinnmamba · distill to simple,5009,late,0.0,42,300049,0.0,0.0,0.536812967975385,0.536812967975385,0.0,0.7020415941247116,0.7020415941247116,0.0,0.38374676236815797,0.38374676236815797,0.0,2.2894090708563635,2.2894090708563635,0.0,0.4193595051765442,0.4193595051765442,0.0
morse · rbf→pinnmamba · distill to simple,5009,late,0.0,42,300049,0.0,0.1,0.536812967975385,0.5408934055806531,-0.004080437605268106,0.7020415941247116,0.698671620209113,0.0033699739155985675,0.38374676236815797,0.3866144674654448,-0.0028677050972868434,2.2894090708563635,2.279302509760793,-0.44144846040074415,0.4193595051765442,0.41732126474380493,-0.48603654086275894
morse · rbf→pinnmamba · distill to simple,5009,late,0.0,42,300049,0.0,0.25,0.536812967975385,0.5407827570579167,-0.0039697890825316495,0.7020415941247116,0.6897392863314347,0.012302307793276901,0.38374676236815797,0.39171553213777976,-0.007968769769621797,2.2894090708563635,2.2795771586819877,-0.4294519620601514,0.4193595051765442,0.42037636041641235,0.24247816666038916
morse · rbf→pinnmamba · distill to simple,5010,late,0.0,42,300049,0.0,0.0,0.32451653641686806,0.32451653641686806,0.0,0.578180126176409,0.578180126176409,0.0,0.3343411311419203,0.3343411311419203,0.0,3.1497697081933285,3.1497697081933285,0.0,0.8636656999588013,0.8636656999588013,0.0
morse · rbf→pinnmamba · distill to simple,5010,late,0.0,42,300049,0.0,0.1,0.32451653641686806,0.3435809033753263,-0.019064366958458256,0.578180126176409,0.5799724884837772,-0.0017923623073682338,0.3343411311419203,0.3448217307165894,-0.01048059957466907,3.1497697081933285,3.105003147635844,-1.4212645591528688,0.8636656999588013,0.8380559682846069,-2.965236627483988
morse · rbf→pinnmamba · distill to simple,5010,late,0.0,42,300049,0.0,0.25,0.32451653641686806,0.36229741890794154,-0.037780882491073475,0.578180126176409,0.5714789352258616,0.006701190950547442,0.3343411311419203,0.3555135398789838,-0.021172408737063497,3.1497697081933285,3.0604164566337833,-2.836818556198421,0.8636656999588013,0.8090142607688904,-6.3278464332342805
morse · rbf→pinnmamba · distill to simple,5016,late,0.0,42,300049,0.0,0.0,0.6786914624429907,0.6786914624429907,0.0,0.6574424426325696,0.6574424426325696,0.0,0.6304290357587403,0.6304290357587403,0.0,4.823838380154993,4.823838380154993,0.0,0.3382953703403473,0.3382953703403473,0.0
morse · rbf→pinnmamba · distill to simple,5016,late,0.0,42,300049,0.0,0.1,0.6786914624429907,0.6792138649562022,-0.0005224025132114507,0.6574424426325696,0.6554440621404651,0.0019983804921044346,0.6304290357587403,0.6303143798143758,0.00011465594436455007,4.823838380154993,4.81991534338905,-0.08132604073309505,0.3382953703403473,0.3273176848888397,-3.245000202179326
morse · rbf→pinnmamba · distill to simple,5016,late,0.0,42,300049,0.0,0.25,0.6786914624429907,0.6775177113549604,0.001173751088030306,0.6574424426325696,0.6257712159551867,0.03167122667738287,0.6304290357587403,0.6288465319344239,0.0015825038243164613,4.823838380154993,4.832641171634777,0.18248520754754835,0.3382953703403473,0.3247629702091217,-4.000173019693147
morse · rbf→pinnmamba · distill to simple,3014,late,0.0,42,300049,0.0,0.0,0.245634372280767,0.245634372280767,0.0,0.21179046995301765,0.21179046995301765,0.0,0.2404049867136887,0.2404049867136887,0.0,3.769402630142578,3.769402630142578,0.0,0.14593222737312317,0.14593222737312317,0.0
morse · rbf→pinnmamba · distill to simple,3014,late,0.0,42,300049,0.0,0.1,0.245634372280767,0.2411731253373982,0.004461246943368802,0.21179046995301765,0.21416354668781368,-0.0023730767347960313,0.2404049867136887,0.23946673116585626,0.000938255547832445,3.769402630142578,3.7805321449191784,0.2952593784384192,0.14593222737312317,0.14677521586418152,0.5776575237921748
morse · rbf→pinnmamba · distill to simple,3014,late,0.0,42,300049,0.0,0.25,0.245634372280767,0.21510564867154514,0.030528723609221875,0.21179046995301765,0.18973510606771715,0.022055363885300494,0.2404049867136887,0.2202684340023756,0.020136552711313094,3.769402630142578,3.8449189124300758,2.003401856931408,0.14593222737312317,0.15491394698619843,6.15471974542715
morse · rbf→pinnmamba · distill to simple,3015,late,0.0,42,300049,0.0,0.0,0.23993517879338022,0.23993517879338022,0.0,0.1789294700626085,0.1789294700626085,0.0,0.22462898034889345,0.22462898034889345,0.0,5.552695671408697,5.552695671408697,0.0,0.16835972666740417,0.16835972666740417,0.0
morse · rbf→pinnmamba · distill to simple,3015,late,0.0,42,300049,0.0,0.1,0.23993517879338022,0.2294590582607613,0.010476120532618927,0.1789294700626085,0.17636644255085865,0.00256302751174986,0.22462898034889345,0.20898578059927275,0.015643199749620695,5.552695671408697,5.5908316517739385,0.686801197508578,0.16835972666740417,0.16481682658195496,-2.1043631725823855
morse · rbf→pinnmamba · distill to simple,3015,late,0.0,42,300049,0.0,0.25,0.23993517879338022,0.2104713149679721,0.02946386382540811,0.1789294700626085,0.1749836535388969,0.0039458165237116205,0.22462898034889345,0.19130889237163473,0.03332008797725872,5.552695671408697,5.659297337260748,1.919818267746102,0.16835972666740417,0.16992126405239105,0.9275005465361117
